Number,Opened,Short description,Opened for,State,Type,Assigned to,Updated,Updated by,Wait time,Duration,First response wait time,State Reason
IMS5200000,2026-07-01 16:34:14,,Person 79,Closed Complete,Chat,Hrushikesh Khapre,2026-07-01 16:55:08,system,267,1254,141,No User Response
IMS5200001,2026-07-01 16:09:40,,Person 55,Closed Complete,Chat,Anuj Jadhav,2026-07-01 16:27:55,system,159,1095,195,No User Response
IMS5200002,2026-07-01 17:19:55,,Person 47,Closed Abandoned,Chat,,2026-07-01 17:25:30,system,173,335,133,
IMS5200003,2026-07-01 12:32:04,,Person 118,Closed Complete,Chat,shreyas kulkarni,2026-07-01 12:55:45,system,144,1421,164,No User Response
IMS5200004,2026-07-01 17:43:05,,Person 26,Closed Complete,Chat,Shreeya Tiwari,2026-07-01 17:58:52,system,58,947,11,No User Response
IMS5200005,2026-07-01 08:45:13,,Person 86,Closed Complete,Chat,Aftab Jam,2026-07-01 09:10:02,system,181,1489,183,No User Response
IMS5200006,2026-07-01 13:22:39,,Person 35,Closed Complete,Chat,Om Tripathi,2026-07-01 13:35:07,system,75,748,64,No User Response
IMS5200007,2026-07-01 08:52:01,,Person 75,Closed Abandoned,Chat,,2026-07-01 09:06:47,system,111,886,71,
IMS5200008,2026-07-01 14:08:00,,Person 42,Closed Complete,Chat,shreyas kulkarni,2026-07-01 14:31:33,system,238,1413,158,No User Response
IMS5200009,2026-07-01 17:43:21,,Person 65,Closed Complete,Chat,Anuj Jadhav,2026-07-01 17:48:30,system,203,309,29,No User Response
IMS5200010,2026-07-02 09:52:26,,Person 14,Closed Complete,Chat,Shirin Shaikh,2026-07-02 10:13:25,system,113,1259,97,No User Response
IMS5200011,2026-07-02 16:53:45,,Person 23,Closed Complete,Chat,Om Tripathi,2026-07-02 17:08:50,system,282,905,52,No User Response
IMS5200012,2026-07-02 09:24:02,,Person 116,Closed Complete,Chat,Shreeya Tiwari,2026-07-02 09:44:37,system,295,1235,39,No User Response
IMS5200013,2026-07-02 13:15:02,,Person 38,Closed Complete,Chat,shreyas kulkarni,2026-07-02 13:37:46,system,103,1364,182,No User Response
IMS5200014,2026-07-02 13:41:23,,Person 17,Closed Complete,Chat,Hrushikesh Khapre,2026-07-02 13:57:36,system,138,973,139,No User Response
IMS5200015,2026-07-02 17:04:22,,Person 87,Closed Complete,Chat,Om Tripathi,2026-07-02 17:25:42,system,225,1280,185,No User Response
IMS5200016,2026-07-02 12:16:16,,Person 20,Closed Abandoned,Chat,,2026-07-02 12:24:34,system,282,498,32,
IMS5200017,2026-07-02 12:25:35,,Person 94,Closed Complete,Chat,Anuj Jadhav,2026-07-02 12:28:57,system,232,202,140,No User Response
IMS5200018,2026-07-02 09:11:19,,Person 66,Closed Complete,Chat,shreyas kulkarni,2026-07-02 09:29:13,system,265,1074,100,No User Response
IMS5200019,2026-07-02 14:43:01,,Person 80,Closed Complete,Chat,Aftab Jam,2026-07-02 14:50:46,system,61,465,191,No User Response
IMS5200020,2026-07-02 15:24:18,,Person 102,Closed Abandoned,Chat,,2026-07-02 15:27:59,system,121,221,57,
IMS5200021,2026-07-03 13:16:04,,Person 57,Closed Complete,Chat,Hrushikesh Khapre,2026-07-03 13:23:38,system,109,454,194,No User Response
IMS5200022,2026-07-03 14:36:40,,Person 48,Closed Abandoned,Chat,,2026-07-03 14:54:48,system,285,1088,194,
IMS5200023,2026-07-03 15:20:00,,Person 99,Closed Complete,Chat,shreyas kulkarni,2026-07-03 15:30:59,system,285,659,26,No User Response
IMS5200024,2026-07-03 16:17:01,,Person 110,Closed Complete,Chat,Om Tripathi,2026-07-03 16:32:09,system,284,908,155,No User Response
IMS5200025,2026-07-03 08:42:26,,Person 64,Closed Complete,Chat,shreyas kulkarni,2026-07-03 08:53:37,system,54,671,56,No User Response
IMS5200026,2026-07-03 08:58:11,,Person 110,Closed Complete,Chat,Shirin Shaikh,2026-07-03 09:16:26,system,198,1095,30,No User Response
IMS5200027,2026-07-04 17:57:07,,Person 99,Closed Complete,Chat,Aftab Jam,2026-07-04 18:01:27,system,109,260,35,No User Response
IMS5200028,2026-07-05 15:38:34,,Person 15,Closed Abandoned,Chat,,2026-07-05 15:41:56,system,232,202,100,
IMS5200029,2026-07-05 13:42:32,,Person 97,Closed Complete,Chat,shreyas kulkarni,2026-07-05 14:01:11,system,214,1119,158,No User Response
IMS5200030,2026-07-05 08:06:29,,Person 98,Closed Complete,Chat,Hrushikesh Khapre,2026-07-05 08:16:03,system,284,574,191,No User Response
IMS5200031,2026-07-06 13:11:38,,Person 93,Closed Complete,Chat,shreyas kulkarni,2026-07-06 13:16:36,system,54,298,85,No User Response
IMS5200032,2026-07-06 15:44:25,,Person 41,Closed Complete,Chat,Om Tripathi,2026-07-06 16:00:16,system,123,951,39,No User Response
IMS5200033,2026-07-06 08:36:07,,Person 62,Closed Complete,Chat,Om Tripathi,2026-07-06 08:55:21,system,158,1154,156,No User Response
IMS5200034,2026-07-06 17:09:09,,Person 113,Closed Complete,Chat,Om Tripathi,2026-07-06 17:22:52,system,218,823,23,No User Response
IMS5200035,2026-07-06 11:00:38,,Person 61,Closed Complete,Chat,Aftab Jam,2026-07-06 11:05:37,system,181,299,130,No User Response
IMS5200036,2026-07-06 09:17:33,,Person 50,Closed Complete,Chat,shreyas kulkarni,2026-07-06 09:33:50,system,94,977,115,No User Response
IMS5200037,2026-07-07 17:44:56,,Person 46,Closed Abandoned,Chat,,2026-07-07 17:47:15,system,206,139,188,
IMS5200038,2026-07-07 12:43:25,,Person 34,Closed Complete,Chat,Aftab Jam,2026-07-07 12:50:14,system,182,409,182,No User Response
IMS5200039,2026-07-07 16:54:44,,Person 80,Closed Complete,Chat,Hrushikesh Khapre,2026-07-07 17:01:42,system,13,418,45,No User Response
IMS5200040,2026-07-07 16:23:47,,Person 99,Closed Abandoned,Chat,,2026-07-07 16:34:26,system,69,639,36,
IMS5200041,2026-07-07 14:36:34,,Person 66,Closed Abandoned,Chat,,2026-07-07 15:01:16,system,93,1482,131,
IMS5200042,2026-07-07 16:12:50,,Person 94,Closed Complete,Chat,Hrushikesh Khapre,2026-07-07 16:29:48,system,171,1018,171,No User Response
IMS5200043,2026-07-07 13:57:24,,Person 5,Closed Complete,Chat,Hrushikesh Khapre,2026-07-07 14:00:47,system,172,203,130,No User Response
IMS5200044,2026-07-07 12:22:08,,Person 70,Closed Complete,Chat,Shirin Shaikh,2026-07-07 12:35:35,system,256,807,66,No User Response
IMS5200045,2026-07-07 13:59:22,,Person 38,Closed Complete,Chat,Anuj Jadhav,2026-07-07 14:06:43,system,116,441,23,No User Response
IMS5200046,2026-07-07 13:59:09,,Person 69,Closed Complete,Chat,Anuj Jadhav,2026-07-07 14:03:25,system,96,256,31,No User Response
IMS5200047,2026-07-08 12:23:42,,Person 23,Closed Complete,Chat,Anuj Jadhav,2026-07-08 12:30:55,system,51,433,12,No User Response
IMS5200048,2026-07-08 11:41:23,,Person 76,Closed Abandoned,Chat,,2026-07-08 11:48:02,system,219,399,182,
IMS5200049,2026-07-08 11:48:13,,Person 27,Closed Complete,Chat,Hrushikesh Khapre,2026-07-08 11:58:49,system,193,636,103,No User Response
IMS5200050,2026-07-08 08:54:01,,Person 83,Closed Complete,Chat,Anuj Jadhav,2026-07-08 08:58:42,system,214,281,156,No User Response
IMS5200051,2026-07-08 16:06:05,,Person 26,Closed Complete,Chat,Shreeya Tiwari,2026-07-08 16:26:43,system,187,1238,78,No User Response
IMS5200052,2026-07-08 10:13:19,,Person 112,Closed Complete,Chat,Hrushikesh Khapre,2026-07-08 10:17:46,system,133,267,179,No User Response
IMS5200053,2026-07-08 08:52:44,,Person 96,Closed Complete,Chat,Aftab Jam,2026-07-08 09:13:21,system,192,1237,69,No User Response
IMS5200054,2026-07-08 16:09:54,,Person 57,Closed Complete,Chat,Hrushikesh Khapre,2026-07-08 16:29:16,system,179,1162,104,No User Response
IMS5200055,2026-07-08 09:17:10,,Person 17,Closed Complete,Chat,Om Tripathi,2026-07-08 09:27:12,system,72,602,122,No User Response
IMS5200056,2026-07-08 16:03:54,,Person 68,Closed Complete,Chat,Hrushikesh Khapre,2026-07-08 16:24:11,system,276,1217,127,No User Response
IMS5200057,2026-07-08 10:17:49,,Person 113,Closed Complete,Chat,Shreeya Tiwari,2026-07-08 10:25:16,system,106,447,41,No User Response
IMS5200058,2026-07-08 10:22:56,,Person 86,Closed Complete,Chat,Hrushikesh Khapre,2026-07-08 10:26:29,system,236,213,126,No User Response
IMS5200059,2026-07-08 09:55:11,,Person 109,Closed Complete,Chat,shreyas kulkarni,2026-07-08 10:18:16,system,122,1385,177,No User Response
IMS5200060,2026-07-08 10:27:25,,Person 118,Closed Complete,Chat,Om Tripathi,2026-07-08 10:33:47,system,210,382,179,No User Response
IMS5200061,2026-07-09 15:12:02,,Person 17,Closed Complete,Chat,Aftab Jam,2026-07-09 15:28:22,system,191,980,46,No User Response
IMS5200062,2026-07-09 14:02:55,,Person 65,Closed Complete,Chat,Shirin Shaikh,2026-07-09 14:07:38,system,287,283,116,No User Response
IMS5200063,2026-07-09 11:31:19,,Person 47,Closed Abandoned,Chat,,2026-07-09 11:36:43,system,198,324,19,
IMS5200064,2026-07-09 13:41:23,,Person 9,Closed Complete,Chat,Aftab Jam,2026-07-09 13:51:19,system,106,596,135,No User Response
IMS5200065,2026-07-09 11:36:32,,Person 77,Closed Complete,Chat,Aftab Jam,2026-07-09 11:53:44,system,178,1032,150,No User Response
IMS5200066,2026-07-09 11:00:51,,Person 68,Closed Complete,Chat,Shirin Shaikh,2026-07-09 11:22:45,system,279,1314,181,No User Response
IMS5200067,2026-07-09 16:37:12,,Person 25,Closed Complete,Chat,Hrushikesh Khapre,2026-07-09 16:55:16,system,17,1084,44,No User Response
IMS5200068,2026-07-09 15:09:47,,Person 59,Closed Abandoned,Chat,,2026-07-09 15:17:09,system,205,442,167,
IMS5200069,2026-07-09 09:15:15,,Person 21,Closed Complete,Chat,Hrushikesh Khapre,2026-07-09 09:26:49,system,19,694,69,No User Response
IMS5200070,2026-07-10 13:41:00,,Person 93,Closed Complete,Chat,Shirin Shaikh,2026-07-10 13:59:16,system,89,1096,61,No User Response
IMS5200071,2026-07-10 11:50:55,,Person 75,Closed Complete,Chat,Shirin Shaikh,2026-07-10 11:58:57,system,46,482,54,No User Response
IMS5200072,2026-07-10 16:21:05,,Person 46,Closed Complete,Chat,Hrushikesh Khapre,2026-07-10 16:33:43,system,239,758,21,No User Response
IMS5200073,2026-07-10 10:17:56,,Person 61,Closed Complete,Chat,Shirin Shaikh,2026-07-10 10:30:22,system,142,746,18,No User Response
IMS5200074,2026-07-10 17:09:56,,Person 34,Closed Complete,Chat,Aftab Jam,2026-07-10 17:13:50,system,286,234,124,No User Response
IMS5200075,2026-07-10 12:34:37,,Person 50,Closed Complete,Chat,Shreeya Tiwari,2026-07-10 12:58:20,system,298,1423,183,No User Response
IMS5200076,2026-07-10 10:25:23,,Person 110,Closed Complete,Chat,shreyas kulkarni,2026-07-10 10:38:03,system,66,760,45,No User Response
IMS5200077,2026-07-10 16:54:21,,Person 101,Closed Complete,Chat,Anuj Jadhav,2026-07-10 16:57:41,system,100,200,184,No User Response
IMS5200078,2026-07-13 13:58:47,,Person 112,Closed Complete,Chat,Shreeya Tiwari,2026-07-13 14:20:08,system,34,1281,43,No User Response
IMS5200079,2026-07-13 16:27:53,,Person 13,Closed Complete,Chat,Hrushikesh Khapre,2026-07-13 16:43:37,system,168,944,125,No User Response
IMS5200080,2026-07-13 17:48:19,,Person 38,Closed Complete,Chat,shreyas kulkarni,2026-07-13 17:54:40,system,107,381,163,No User Response
IMS5200081,2026-07-13 12:22:38,,Person 3,Closed Complete,Chat,Hrushikesh Khapre,2026-07-13 12:25:14,system,164,156,155,No User Response
IMS5200082,2026-07-14 10:21:03,,Person 79,Closed Complete,Chat,shreyas kulkarni,2026-07-14 10:39:58,system,125,1135,68,No User Response
IMS5200083,2026-07-14 13:29:20,,Person 104,Closed Complete,Chat,Aftab Jam,2026-07-14 13:32:36,system,130,196,88,No User Response
IMS5200084,2026-07-14 14:41:30,,Person 35,Closed Complete,Chat,Om Tripathi,2026-07-14 14:50:28,system,158,538,160,No User Response
IMS5200085,2026-07-14 08:51:59,,Person 60,Closed Complete,Chat,Anuj Jadhav,2026-07-14 09:12:24,system,167,1225,50,No User Response
IMS5200086,2026-07-14 08:55:46,,Person 7,Closed Complete,Chat,Shreeya Tiwari,2026-07-14 09:07:59,system,84,733,63,No User Response
IMS5200087,2026-07-14 11:50:01,,Person 31,Closed Complete,Chat,Shreeya Tiwari,2026-07-14 12:04:26,system,125,865,44,No User Response
IMS5200088,2026-07-15 08:24:44,,Person 76,Closed Complete,Chat,Shreeya Tiwari,2026-07-15 08:46:41,system,278,1317,91,No User Response
IMS5200089,2026-07-15 11:29:48,,Person 69,Closed Complete,Chat,Om Tripathi,2026-07-15 11:49:20,system,218,1172,97,No User Response
IMS5200090,2026-07-15 17:47:57,,Person 11,Closed Complete,Chat,Hrushikesh Khapre,2026-07-15 18:09:27,system,250,1290,65,No User Response
IMS5200091,2026-07-15 12:59:11,,Person 58,Closed Complete,Chat,Om Tripathi,2026-07-15 13:23:40,system,246,1469,141,No User Response
IMS5200092,2026-07-15 10:17:43,,Person 12,Closed Complete,Chat,Anuj Jadhav,2026-07-15 10:24:30,system,45,407,191,No User Response
IMS5200093,2026-07-15 10:24:27,,Person 89,Closed Complete,Chat,Aftab Jam,2026-07-15 10:40:44,system,273,977,116,No User Response
IMS5200094,2026-07-15 08:54:55,,Person 93,Closed Complete,Chat,Shirin Shaikh,2026-07-15 09:12:36,system,102,1061,48,No User Response
IMS5200095,2026-07-15 15:18:06,,Person 104,Closed Abandoned,Chat,,2026-07-15 15:40:29,system,51,1343,18,
IMS5200096,2026-07-15 15:10:30,,Person 50,Closed Complete,Chat,Anuj Jadhav,2026-07-15 15:17:29,system,125,419,125,No User Response
IMS5200097,2026-07-15 08:53:32,,Person 53,Closed Complete,Chat,Hrushikesh Khapre,2026-07-15 09:09:11,system,266,939,137,No User Response
IMS5200098,2026-07-16 17:15:09,,Person 108,Closed Abandoned,Chat,,2026-07-16 17:33:10,system,235,1081,176,
IMS5200099,2026-07-16 12:19:14,,Person 61,Closed Complete,Chat,shreyas kulkarni,2026-07-16 12:41:14,system,164,1320,160,No User Response
IMS5200100,2026-07-16 08:57:47,,Person 101,Closed Complete,Chat,shreyas kulkarni,2026-07-16 09:13:22,system,58,935,88,No User Response
IMS5200101,2026-07-16 15:19:18,,Person 83,Closed Complete,Chat,Hrushikesh Khapre,2026-07-16 15:38:58,system,27,1180,82,No User Response
IMS5200102,2026-07-16 12:53:40,,Person 65,Closed Complete,Chat,Anuj Jadhav,2026-07-16 13:06:36,system,167,776,12,No User Response
IMS5200103,2026-07-17 14:20:04,,Person 12,Closed Complete,Chat,Shreeya Tiwari,2026-07-17 14:22:17,system,262,133,153,No User Response
IMS5200104,2026-07-17 12:51:43,,Person 78,Closed Complete,Chat,Shreeya Tiwari,2026-07-17 13:03:19,system,293,696,54,No User Response
IMS5200105,2026-07-17 09:30:24,,Person 57,Closed Complete,Chat,Om Tripathi,2026-07-17 09:49:10,system,181,1126,16,No User Response
IMS5200106,2026-07-17 14:44:21,,Person 8,Closed Complete,Chat,Anuj Jadhav,2026-07-17 14:50:11,system,32,350,146,No User Response
IMS5200107,2026-07-17 11:25:46,,Person 28,Closed Complete,Chat,Shreeya Tiwari,2026-07-17 11:50:37,system,55,1491,140,No User Response
IMS5200108,2026-07-17 16:19:46,,Person 11,Closed Complete,Chat,Anuj Jadhav,2026-07-17 16:29:12,system,84,566,98,No User Response
IMS5200109,2026-07-18 14:47:08,,Person 16,Closed Complete,Chat,Om Tripathi,2026-07-18 15:05:59,system,255,1131,36,No User Response
IMS5200110,2026-07-19 15:23:52,,Person 28,Closed Abandoned,Chat,,2026-07-19 15:45:55,system,196,1323,146,
IMS5200111,2026-07-19 14:01:01,,Person 70,Closed Complete,Chat,Aftab Jam,2026-07-19 14:06:41,system,83,340,24,No User Response
IMS5200112,2026-07-20 12:08:11,,Person 7,Closed Complete,Chat,shreyas kulkarni,2026-07-20 12:32:29,system,208,1458,146,No User Response
IMS5200113,2026-07-20 10:47:48,,Person 76,Closed Complete,Chat,Shirin Shaikh,2026-07-20 10:56:46,system,36,538,199,No User Response
IMS5200114,2026-07-20 09:47:01,,Person 36,Closed Complete,Chat,Anuj Jadhav,2026-07-20 09:54:02,system,283,421,75,No User Response
IMS5200115,2026-07-20 17:24:07,,Person 3,Closed Complete,Chat,Shirin Shaikh,2026-07-20 17:31:41,system,267,454,40,No User Response
IMS5200116,2026-07-20 10:18:49,,Person 44,Closed Complete,Chat,Shreeya Tiwari,2026-07-20 10:43:00,system,143,1451,118,No User Response
IMS5200117,2026-07-20 08:56:16,,Person 3,Closed Complete,Chat,Aftab Jam,2026-07-20 09:00:46,system,24,270,111,No User Response
IMS5200118,2026-07-20 09:40:34,,Person 26,Closed Abandoned,Chat,,2026-07-20 09:46:32,system,174,358,10,
IMS5200119,2026-07-21 15:02:14,,Person 19,Closed Complete,Chat,Aftab Jam,2026-07-21 15:11:42,system,208,568,120,No User Response
IMS5200120,2026-07-21 12:59:13,,Person 14,Closed Abandoned,Chat,,2026-07-21 13:02:27,system,149,194,83,
IMS5200121,2026-07-21 17:35:10,,Person 2,Closed Complete,Chat,Hrushikesh Khapre,2026-07-21 17:50:05,system,226,895,185,No User Response
IMS5200122,2026-07-21 09:36:47,,Person 32,Closed Complete,Chat,Shreeya Tiwari,2026-07-21 09:45:19,system,34,512,174,No User Response
IMS5200123,2026-07-21 12:12:47,,Person 38,Closed Complete,Chat,Anuj Jadhav,2026-07-21 12:26:58,system,149,851,193,No User Response
IMS5200124,2026-07-21 16:47:29,,Person 42,Closed Abandoned,Chat,,2026-07-21 16:54:31,system,282,422,163,
IMS5200125,2026-07-22 17:08:52,,Person 58,Closed Complete,Chat,Shreeya Tiwari,2026-07-22 17:14:34,system,5,342,125,No User Response
IMS5200126,2026-07-22 13:59:26,,Person 112,Closed Complete,Chat,Hrushikesh Khapre,2026-07-22 14:10:44,system,261,678,159,No User Response
IMS5200127,2026-07-22 09:46:01,,Person 77,Closed Complete,Chat,Aftab Jam,2026-07-22 09:54:35,system,110,514,74,No User Response
IMS5200128,2026-07-22 08:22:19,,Person 104,Closed Complete,Chat,Aftab Jam,2026-07-22 08:27:10,system,118,291,115,No User Response
IMS5200129,2026-07-22 10:28:49,,Person 80,Closed Complete,Chat,Hrushikesh Khapre,2026-07-22 10:36:24,system,15,455,193,No User Response
IMS5200130,2026-07-22 09:04:19,,Person 43,Closed Complete,Chat,shreyas kulkarni,2026-07-22 09:12:04,system,262,465,37,No User Response
IMS5200131,2026-07-22 09:47:30,,Person 64,Closed Complete,Chat,Om Tripathi,2026-07-22 10:04:00,system,63,990,116,No User Response
IMS5200132,2026-07-22 11:49:47,,Person 25,Closed Complete,Chat,Shirin Shaikh,2026-07-22 12:11:16,system,183,1289,180,No User Response
IMS5200133,2026-07-22 10:07:05,,Person 14,Closed Complete,Chat,Hrushikesh Khapre,2026-07-22 10:22:13,system,84,908,136,No User Response
IMS5200134,2026-07-22 13:40:50,,Person 14,Closed Complete,Chat,shreyas kulkarni,2026-07-22 13:46:24,system,126,334,29,No User Response
IMS5200135,2026-07-22 13:33:38,,Person 69,Closed Complete,Chat,Hrushikesh Khapre,2026-07-22 13:42:56,system,93,558,198,No User Response
IMS5200136,2026-07-22 09:08:53,,Person 57,Closed Complete,Chat,Shirin Shaikh,2026-07-22 09:16:45,system,217,472,172,No User Response
IMS5200137,2026-07-22 12:39:12,,Person 39,Closed Complete,Chat,Om Tripathi,2026-07-22 13:02:31,system,274,1399,113,No User Response
IMS5200138,2026-07-22 13:47:25,,Person 111,Closed Abandoned,Chat,,2026-07-22 14:12:00,system,230,1475,20,
IMS5200139,2026-07-23 08:07:50,,Person 43,Closed Complete,Chat,shreyas kulkarni,2026-07-23 08:32:42,system,269,1492,186,No User Response
IMS5200140,2026-07-23 17:00:58,,Person 14,Closed Complete,Chat,Om Tripathi,2026-07-23 17:07:11,system,268,373,134,No User Response
IMS5200141,2026-07-23 13:44:08,,Person 92,Closed Complete,Chat,Shreeya Tiwari,2026-07-23 13:49:26,system,263,318,89,No User Response
IMS5200142,2026-07-23 14:00:16,,Person 14,Closed Abandoned,Chat,,2026-07-23 14:18:29,system,280,1093,54,
IMS5200143,2026-07-23 09:07:26,,Person 112,Closed Complete,Chat,Shirin Shaikh,2026-07-23 09:18:51,system,44,685,12,No User Response
IMS5200144,2026-07-23 17:14:57,,Person 108,Closed Complete,Chat,Shirin Shaikh,2026-07-23 17:18:58,system,152,241,107,No User Response
IMS5200145,2026-07-24 12:17:18,,Person 53,Closed Complete,Chat,Anuj Jadhav,2026-07-24 12:20:24,system,71,186,99,No User Response
IMS5200146,2026-07-24 09:18:53,,Person 66,Closed Complete,Chat,Om Tripathi,2026-07-24 09:25:28,system,274,395,74,No User Response
IMS5200147,2026-07-24 11:11:50,,Person 108,Closed Complete,Chat,Om Tripathi,2026-07-24 11:17:31,system,26,341,13,No User Response
IMS5200148,2026-07-24 14:23:30,,Person 70,Closed Complete,Chat,Shreeya Tiwari,2026-07-24 14:35:20,system,63,710,187,No User Response
IMS5200149,2026-07-24 13:08:47,,Person 25,Closed Complete,Chat,Shirin Shaikh,2026-07-24 13:13:38,system,216,291,56,No User Response
IMS5200150,2026-07-24 09:45:18,,Person 19,Closed Complete,Chat,Shreeya Tiwari,2026-07-24 10:08:33,system,286,1395,103,No User Response
IMS5200151,2026-07-24 11:49:24,,Person 2,Closed Abandoned,Chat,,2026-07-24 12:03:47,system,39,863,28,
IMS5200152,2026-07-24 08:54:35,,Person 31,Closed Abandoned,Chat,,2026-07-24 09:18:18,system,212,1423,142,
IMS5200153,2026-07-24 13:51:39,,Person 69,Closed Complete,Chat,shreyas kulkarni,2026-07-24 13:54:14,system,247,155,189,No User Response
IMS5200154,2026-07-24 16:56:14,,Person 74,Closed Complete,Chat,Shirin Shaikh,2026-07-24 17:15:01,system,121,1127,181,No User Response
IMS5200155,2026-07-24 16:24:45,,Person 77,Closed Complete,Chat,Hrushikesh Khapre,2026-07-24 16:36:02,system,123,677,122,No User Response
IMS5200156,2026-07-24 13:24:42,,Person 66,Closed Complete,Chat,Shreeya Tiwari,2026-07-24 13:32:31,system,174,469,57,No User Response
IMS5200157,2026-07-24 15:05:32,,Person 15,Closed Abandoned,Chat,,2026-07-24 15:22:08,system,241,996,25,
IMS5200158,2026-07-24 09:21:27,,Person 17,Closed Complete,Chat,Shirin Shaikh,2026-07-24 09:26:29,system,13,302,58,No User Response
IMS5200159,2026-07-24 10:10:19,,Person 4,Closed Complete,Chat,Shirin Shaikh,2026-07-24 10:33:20,system,61,1381,159,No User Response
IMS5200160,2026-07-24 11:36:24,,Person 37,Closed Complete,Chat,Aftab Jam,2026-07-24 11:54:20,system,35,1076,131,No User Response
IMS5200161,2026-07-25 09:15:42,,Person 112,Closed Complete,Chat,Hrushikesh Khapre,2026-07-25 09:37:31,system,24,1309,56,No User Response
IMS5200162,2026-07-27 15:07:08,,Person 105,Closed Abandoned,Chat,,2026-07-27 15:23:42,system,296,994,100,
IMS5200163,2026-07-27 16:01:48,,Person 5,Closed Complete,Chat,shreyas kulkarni,2026-07-27 16:15:52,system,196,844,101,No User Response
IMS5200164,2026-07-27 17:26:35,,Person 56,Closed Complete,Chat,Hrushikesh Khapre,2026-07-27 17:37:25,system,157,650,145,No User Response
IMS5200165,2026-07-27 12:14:42,,Person 81,Closed Complete,Chat,Anuj Jadhav,2026-07-27 12:35:47,system,12,1265,137,No User Response
IMS5200166,2026-07-27 12:03:21,,Person 88,Closed Complete,Chat,Hrushikesh Khapre,2026-07-27 12:23:22,system,45,1201,22,No User Response
IMS5200167,2026-07-27 13:50:09,,Person 111,Closed Abandoned,Chat,,2026-07-27 13:59:36,system,205,567,17,
IMS5200168,2026-07-27 13:06:45,,Person 69,Closed Complete,Chat,Anuj Jadhav,2026-07-27 13:21:58,system,266,913,102,No User Response
IMS5200169,2026-07-27 16:08:25,,Person 56,Closed Complete,Chat,Aftab Jam,2026-07-27 16:10:54,system,119,149,89,No User Response
IMS5200170,2026-07-27 15:18:47,,Person 78,Closed Complete,Chat,Hrushikesh Khapre,2026-07-27 15:41:02,system,163,1335,30,No User Response
IMS5200171,2026-07-28 09:06:46,,Person 42,Closed Complete,Chat,Aftab Jam,2026-07-28 09:18:36,system,73,710,68,No User Response
IMS5200172,2026-07-28 16:02:48,,Person 111,Closed Complete,Chat,Shirin Shaikh,2026-07-28 16:18:05,system,254,917,68,No User Response
IMS5200173,2026-07-28 08:21:01,,Person 119,Closed Complete,Chat,Hrushikesh Khapre,2026-07-28 08:45:33,system,258,1472,22,No User Response
IMS5200174,2026-07-28 14:18:41,,Person 63,Closed Complete,Chat,Hrushikesh Khapre,2026-07-28 14:21:43,system,291,182,65,No User Response
IMS5200175,2026-07-28 08:50:21,,Person 42,Closed Complete,Chat,shreyas kulkarni,2026-07-28 08:54:11,system,109,230,167,No User Response
IMS5200176,2026-07-28 13:20:45,,Person 2,Closed Abandoned,Chat,,2026-07-28 13:34:48,system,121,843,122,
IMS5200177,2026-07-28 15:17:26,,Person 107,Closed Complete,Chat,Aftab Jam,2026-07-28 15:23:14,system,171,348,40,No User Response
IMS5200178,2026-07-28 16:28:33,,Person 18,Closed Abandoned,Chat,,2026-07-28 16:32:20,system,66,227,197,
IMS5200179,2026-07-28 14:59:36,,Person 75,Closed Complete,Chat,shreyas kulkarni,2026-07-28 15:11:54,system,269,738,12,No User Response
IMS5200180,2026-07-28 11:53:50,,Person 74,Closed Abandoned,Chat,,2026-07-28 12:06:27,system,136,757,12,
IMS5200181,2026-07-28 15:12:41,,Person 56,Closed Complete,Chat,Om Tripathi,2026-07-28 15:20:26,system,193,465,154,No User Response
IMS5200182,2026-07-28 12:59:46,,Person 2,Closed Complete,Chat,shreyas kulkarni,2026-07-28 13:04:35,system,101,289,92,No User Response
IMS5200183,2026-07-28 08:44:20,,Person 110,Closed Complete,Chat,Aftab Jam,2026-07-28 09:04:18,system,28,1198,82,No User Response
IMS5200184,2026-07-29 14:36:59,,Person 102,Closed Abandoned,Chat,,2026-07-29 15:01:00,system,8,1441,64,
IMS5200185,2026-07-29 16:13:34,,Person 78,Closed Abandoned,Chat,,2026-07-29 16:27:56,system,151,862,106,
IMS5200186,2026-07-29 17:08:36,,Person 57,Closed Complete,Chat,Om Tripathi,2026-07-29 17:33:03,system,149,1467,165,No User Response
IMS5200187,2026-07-29 10:30:45,,Person 81,Closed Complete,Chat,Hrushikesh Khapre,2026-07-29 10:39:01,system,222,496,89,No User Response
IMS5200188,2026-07-29 09:22:03,,Person 100,Closed Complete,Chat,Hrushikesh Khapre,2026-07-29 09:27:40,system,239,337,107,No User Response
IMS5200189,2026-07-29 09:34:06,,Person 25,Closed Complete,Chat,Hrushikesh Khapre,2026-07-29 09:39:14,system,112,308,183,No User Response
IMS5200190,2026-07-29 14:47:58,,Person 35,Closed Abandoned,Chat,,2026-07-29 14:51:25,system,106,207,152,
IMS5200191,2026-07-30 10:33:10,,Person 112,Closed Complete,Chat,Anuj Jadhav,2026-07-30 10:44:59,system,207,709,139,No User Response
IMS5200192,2026-07-30 11:41:58,,Person 51,Closed Complete,Chat,Hrushikesh Khapre,2026-07-30 11:59:19,system,9,1041,128,No User Response
IMS5200193,2026-07-30 15:58:28,,Person 82,Closed Complete,Chat,Aftab Jam,2026-07-30 16:12:35,system,208,847,139,No User Response
IMS5200194,2026-07-30 13:36:20,,Person 16,Closed Complete,Chat,Anuj Jadhav,2026-07-30 13:39:27,system,176,187,61,No User Response
IMS5200195,2026-07-30 09:04:42,,Person 76,Closed Complete,Chat,Shirin Shaikh,2026-07-30 09:12:33,system,55,471,81,No User Response
IMS5200196,2026-07-30 12:09:42,,Person 87,Closed Complete,Chat,Anuj Jadhav,2026-07-30 12:29:40,system,30,1198,146,No User Response
IMS5200197,2026-07-30 11:34:58,,Person 47,Closed Complete,Chat,Anuj Jadhav,2026-07-30 11:51:47,system,225,1009,111,No User Response
IMS5200198,2026-07-30 15:16:57,,Person 66,Closed Complete,Chat,Shreeya Tiwari,2026-07-30 15:33:14,system,153,977,26,No User Response
IMS5200199,2026-07-30 12:26:14,,Person 14,Closed Complete,Chat,Anuj Jadhav,2026-07-30 12:45:32,system,299,1158,95,No User Response
IMS5200200,2026-07-30 10:37:22,,Person 48,Closed Complete,Chat,Anuj Jadhav,2026-07-30 10:56:28,system,217,1146,135,No User Response
IMS5200201,2026-07-31 09:05:41,,Person 30,Closed Abandoned,Chat,,2026-07-31 09:15:26,system,254,585,50,
IMS5200202,2026-07-31 10:08:02,,Person 91,Closed Complete,Chat,Shirin Shaikh,2026-07-31 10:14:50,system,261,408,25,No User Response
IMS5200203,2026-07-31 09:20:52,,Person 99,Closed Complete,Chat,Shreeya Tiwari,2026-07-31 09:23:28,system,53,156,158,No User Response
IMS5200204,2026-07-31 17:39:20,,Person 16,Closed Complete,Chat,Shirin Shaikh,2026-07-31 18:02:21,system,262,1381,89,No User Response
IMS5200205,2026-07-31 13:21:21,,Person 41,Closed Complete,Chat,Shirin Shaikh,2026-07-31 13:40:47,system,201,1166,61,No User Response
IMS5200206,2026-08-01 09:11:49,,Person 85,Closed Abandoned,Chat,,2026-08-01 09:34:49,system,82,1380,168,
IMS5200207,2026-08-01 17:43:26,,Person 40,Closed Complete,Chat,Shirin Shaikh,2026-08-01 17:49:53,system,296,387,118,No User Response
IMS5200208,2026-08-02 12:18:50,,Person 16,Closed Complete,Chat,Aftab Jam,2026-08-02 12:29:16,system,26,626,62,No User Response
IMS5200209,2026-08-02 17:27:08,,Person 71,Closed Abandoned,Chat,,2026-08-02 17:44:21,system,247,1033,57,
IMS5200210,2026-08-03 14:22:17,,Person 106,Closed Complete,Chat,Anuj Jadhav,2026-08-03 14:42:07,system,173,1190,75,No User Response
IMS5200211,2026-08-03 17:01:26,,Person 67,Closed Complete,Chat,shreyas kulkarni,2026-08-03 17:19:36,system,265,1090,136,No User Response
IMS5200212,2026-08-03 09:54:31,,Person 112,Closed Complete,Chat,Anuj Jadhav,2026-08-03 10:17:44,system,288,1393,196,No User Response
IMS5200213,2026-08-03 16:34:18,,Person 4,Closed Complete,Chat,Shirin Shaikh,2026-08-03 16:51:35,system,296,1037,68,No User Response
IMS5200214,2026-08-03 15:27:08,,Person 73,Closed Abandoned,Chat,,2026-08-03 15:34:44,system,104,456,105,
IMS5200215,2026-08-03 16:05:06,,Person 29,Closed Abandoned,Chat,,2026-08-03 16:19:14,system,137,848,159,
IMS5200216,2026-08-03 08:48:50,,Person 28,Closed Complete,Chat,Om Tripathi,2026-08-03 08:57:07,system,37,497,140,No User Response
IMS5200217,2026-08-04 15:06:18,,Person 61,Closed Complete,Chat,Shreeya Tiwari,2026-08-04 15:29:11,system,168,1373,22,No User Response
IMS5200218,2026-08-04 16:35:44,,Person 31,Closed Complete,Chat,Anuj Jadhav,2026-08-04 16:39:18,system,40,214,153,No User Response
IMS5200219,2026-08-04 08:42:59,,Person 23,Closed Complete,Chat,Shirin Shaikh,2026-08-04 08:48:09,system,78,310,49,No User Response
IMS5200220,2026-08-04 16:18:54,,Person 89,Closed Complete,Chat,Shirin Shaikh,2026-08-04 16:27:48,system,257,534,118,No User Response
IMS5200221,2026-08-04 09:17:10,,Person 51,Closed Complete,Chat,Hrushikesh Khapre,2026-08-04 09:26:44,system,204,574,150,No User Response
IMS5200222,2026-08-04 10:37:09,,Person 45,Closed Abandoned,Chat,,2026-08-04 10:53:03,system,49,954,50,
IMS5200223,2026-08-04 15:58:37,,Person 45,Closed Complete,Chat,Aftab Jam,2026-08-04 16:16:19,system,203,1062,185,No User Response
IMS5200224,2026-08-04 17:31:29,,Person 31,Closed Abandoned,Chat,,2026-08-04 17:41:01,system,170,572,158,
IMS5200225,2026-08-04 09:18:17,,Person 101,Closed Complete,Chat,Shirin Shaikh,2026-08-04 09:37:38,system,72,1161,79,No User Response
IMS5200226,2026-08-04 08:13:21,,Person 43,Closed Complete,Chat,shreyas kulkarni,2026-08-04 08:23:57,system,115,636,143,No User Response
IMS5200227,2026-08-04 08:02:04,,Person 23,Closed Complete,Chat,Aftab Jam,2026-08-04 08:04:55,system,127,171,82,No User Response
IMS5200228,2026-08-04 17:57:02,,Person 90,Closed Complete,Chat,Aftab Jam,2026-08-04 18:21:33,system,111,1471,193,No User Response
IMS5200229,2026-08-04 08:22:00,,Person 110,Closed Complete,Chat,Shreeya Tiwari,2026-08-04 08:40:10,system,193,1090,84,No User Response
IMS5200230,2026-08-05 16:45:18,,Person 16,Closed Complete,Chat,Anuj Jadhav,2026-08-05 17:05:04,system,107,1186,81,No User Response
IMS5200231,2026-08-05 12:01:14,,Person 54,Closed Abandoned,Chat,,2026-08-05 12:11:35,system,272,621,12,
IMS5200232,2026-08-05 14:57:05,,Person 97,Closed Abandoned,Chat,,2026-08-05 15:01:32,system,40,267,148,
IMS5200233,2026-08-05 16:27:59,,Person 96,Closed Complete,Chat,Aftab Jam,2026-08-05 16:42:01,system,154,842,67,No User Response
IMS5200234,2026-08-05 11:56:07,,Person 118,Closed Complete,Chat,Om Tripathi,2026-08-05 12:12:00,system,103,953,67,No User Response
IMS5200235,2026-08-05 17:02:04,,Person 75,Closed Complete,Chat,Shirin Shaikh,2026-08-05 17:16:06,system,186,842,13,No User Response
IMS5200236,2026-08-05 17:57:49,,Person 10,Closed Complete,Chat,Anuj Jadhav,2026-08-05 18:07:46,system,75,597,46,No User Response
IMS5200237,2026-08-05 13:02:16,,Person 98,Closed Abandoned,Chat,,2026-08-05 13:26:02,system,138,1426,119,
IMS5200238,2026-08-06 15:42:12,,Person 39,Closed Complete,Chat,Hrushikesh Khapre,2026-08-06 15:59:34,system,227,1042,92,No User Response
IMS5200239,2026-08-06 11:56:34,,Person 8,Closed Abandoned,Chat,,2026-08-06 12:09:20,system,109,766,28,
IMS5200240,2026-08-06 13:51:37,,Person 61,Closed Complete,Chat,shreyas kulkarni,2026-08-06 14:16:16,system,238,1479,15,No User Response
IMS5200241,2026-08-06 15:30:07,,Person 55,Closed Complete,Chat,Anuj Jadhav,2026-08-06 15:38:08,system,40,481,76,No User Response
IMS5200242,2026-08-06 08:51:52,,Person 10,Closed Abandoned,Chat,,2026-08-06 08:59:05,system,161,433,85,
IMS5200243,2026-08-06 10:33:31,,Person 50,Closed Complete,Chat,Aftab Jam,2026-08-06 10:58:00,system,9,1469,135,No User Response
IMS5200244,2026-08-06 12:44:51,,Person 116,Closed Complete,Chat,Hrushikesh Khapre,2026-08-06 13:08:39,system,232,1428,152,No User Response
IMS5200245,2026-08-06 08:37:43,,Person 10,Closed Complete,Chat,Shreeya Tiwari,2026-08-06 08:54:05,system,36,982,11,No User Response
IMS5200246,2026-08-07 08:06:44,,Person 12,Closed Abandoned,Chat,,2026-08-07 08:08:49,system,125,125,119,
IMS5200247,2026-08-07 08:07:23,,Person 41,Closed Complete,Chat,Aftab Jam,2026-08-07 08:30:51,system,236,1408,128,No User Response
IMS5200248,2026-08-07 15:20:32,,Person 41,Closed Complete,Chat,Aftab Jam,2026-08-07 15:39:00,system,192,1108,124,No User Response
IMS5200249,2026-08-07 13:01:11,,Person 109,Closed Complete,Chat,Aftab Jam,2026-08-07 13:17:07,system,70,956,153,No User Response
IMS5200250,2026-08-07 14:32:27,,Person 46,Closed Complete,Chat,Shreeya Tiwari,2026-08-07 14:56:59,system,265,1472,104,No User Response
IMS5200251,2026-08-07 14:01:22,,Person 105,Closed Complete,Chat,Anuj Jadhav,2026-08-07 14:18:45,system,24,1043,164,No User Response
IMS5200252,2026-08-07 17:54:31,,Person 21,Closed Complete,Chat,Om Tripathi,2026-08-07 18:00:56,system,204,385,183,No User Response
IMS5200253,2026-08-08 09:33:13,,Person 76,Closed Complete,Chat,Hrushikesh Khapre,2026-08-08 09:42:55,system,92,582,97,No User Response
IMS5200254,2026-08-09 14:37:59,,Person 107,Closed Complete,Chat,Om Tripathi,2026-08-09 14:47:27,system,250,568,87,No User Response
IMS5200255,2026-08-10 09:04:36,,Person 116,Closed Complete,Chat,shreyas kulkarni,2026-08-10 09:08:26,system,158,230,79,No User Response
IMS5200256,2026-08-10 17:52:42,,Person 3,Closed Complete,Chat,Hrushikesh Khapre,2026-08-10 18:09:22,system,29,1000,192,No User Response
IMS5200257,2026-08-10 16:44:28,,Person 107,Closed Complete,Chat,Shreeya Tiwari,2026-08-10 16:58:42,system,196,854,178,No User Response
IMS5200258,2026-08-10 10:49:16,,Person 10,Closed Complete,Chat,Shreeya Tiwari,2026-08-10 10:59:54,system,250,638,124,No User Response
IMS5200259,2026-08-10 11:38:50,,Person 109,Closed Complete,Chat,shreyas kulkarni,2026-08-10 11:41:50,system,38,180,130,No User Response
IMS5200260,2026-08-10 15:21:25,,Person 14,Closed Complete,Chat,shreyas kulkarni,2026-08-10 15:27:21,system,263,356,28,No User Response
IMS5200261,2026-08-10 17:43:41,,Person 73,Closed Complete,Chat,Om Tripathi,2026-08-10 17:51:23,system,269,462,38,No User Response
IMS5200262,2026-08-11 08:52:50,,Person 32,Closed Abandoned,Chat,,2026-08-11 09:12:01,system,275,1151,40,
IMS5200263,2026-08-11 09:28:44,,Person 53,Closed Complete,Chat,Shreeya Tiwari,2026-08-11 09:41:09,system,47,745,83,No User Response
IMS5200264,2026-08-11 14:11:37,,Person 78,Closed Complete,Chat,Shreeya Tiwari,2026-08-11 14:35:24,system,181,1427,95,No User Response
IMS5200265,2026-08-11 16:27:18,,Person 13,Closed Complete,Chat,Anuj Jadhav,2026-08-11 16:36:51,system,31,573,186,No User Response
IMS5200266,2026-08-11 10:50:33,,Person 13,Closed Complete,Chat,shreyas kulkarni,2026-08-11 11:10:12,system,15,1179,48,No User Response
IMS5200267,2026-08-11 08:27:42,,Person 36,Closed Abandoned,Chat,,2026-08-11 08:41:07,system,206,805,54,
IMS5200268,2026-08-11 08:46:42,,Person 25,Closed Complete,Chat,shreyas kulkarni,2026-08-11 08:50:43,system,39,241,165,No User Response
IMS5200269,2026-08-11 09:20:50,,Person 110,Closed Complete,Chat,Om Tripathi,2026-08-11 09:45:40,system,100,1490,38,No User Response
IMS5200270,2026-08-11 08:58:44,,Person 87,Closed Complete,Chat,Shirin Shaikh,2026-08-11 09:21:30,system,149,1366,39,No User Response
IMS5200271,2026-08-12 10:41:12,,Person 33,Closed Complete,Chat,Shreeya Tiwari,2026-08-12 10:43:38,system,273,146,183,No User Response
IMS5200272,2026-08-12 11:11:16,,Person 90,Closed Complete,Chat,shreyas kulkarni,2026-08-12 11:17:53,system,134,397,143,No User Response
IMS5200273,2026-08-12 10:06:40,,Person 15,Closed Complete,Chat,Anuj Jadhav,2026-08-12 10:22:26,system,260,946,17,No User Response
IMS5200274,2026-08-12 17:13:11,,Person 106,Closed Abandoned,Chat,,2026-08-12 17:20:51,system,47,460,160,
IMS5200275,2026-08-12 11:53:18,,Person 5,Closed Complete,Chat,Hrushikesh Khapre,2026-08-12 12:09:49,system,205,991,83,No User Response
IMS5200276,2026-08-12 15:20:09,,Person 4,Closed Complete,Chat,Hrushikesh Khapre,2026-08-12 15:22:47,system,245,158,125,No User Response
IMS5200277,2026-08-12 15:02:44,,Person 52,Closed Complete,Chat,Aftab Jam,2026-08-12 15:24:27,system,23,1303,48,No User Response
IMS5200278,2026-08-12 17:58:23,,Person 81,Closed Abandoned,Chat,,2026-08-12 18:01:41,system,39,198,43,
IMS5200279,2026-08-13 09:25:16,,Person 29,Closed Complete,Chat,Shreeya Tiwari,2026-08-13 09:37:36,system,177,740,132,No User Response
IMS5200280,2026-08-13 09:22:56,,Person 60,Closed Complete,Chat,Shirin Shaikh,2026-08-13 09:35:15,system,293,739,150,No User Response
IMS5200281,2026-08-13 14:46:42,,Person 84,Closed Complete,Chat,Aftab Jam,2026-08-13 14:49:29,system,297,167,159,No User Response
IMS5200282,2026-08-13 15:50:24,,Person 110,Closed Abandoned,Chat,,2026-08-13 16:05:16,system,130,892,150,
IMS5200283,2026-08-13 10:30:16,,Person 84,Closed Complete,Chat,Aftab Jam,2026-08-13 10:43:31,system,150,795,39,No User Response
IMS5200284,2026-08-13 14:27:53,,Person 61,Closed Complete,Chat,Shirin Shaikh,2026-08-13 14:52:49,system,287,1496,75,No User Response
IMS5200285,2026-08-13 11:27:18,,Person 97,Closed Abandoned,Chat,,2026-08-13 11:29:40,system,56,142,84,
IMS5200286,2026-08-13 13:06:34,,Person 110,Closed Complete,Chat,Anuj Jadhav,2026-08-13 13:10:45,system,168,251,159,No User Response
IMS5200287,2026-08-13 09:39:39,,Person 79,Closed Abandoned,Chat,,2026-08-13 09:47:38,system,10,479,83,
IMS5200288,2026-08-14 08:27:15,,Person 94,Closed Complete,Chat,Om Tripathi,2026-08-14 08:38:01,system,156,646,170,No User Response
IMS5200289,2026-08-14 12:26:32,,Person 88,Closed Complete,Chat,Aftab Jam,2026-08-14 12:40:48,system,37,856,122,No User Response
IMS5200290,2026-08-14 08:22:03,,Person 60,Closed Abandoned,Chat,,2026-08-14 08:25:56,system,53,233,93,
IMS5200291,2026-08-14 14:12:14,,Person 50,Closed Complete,Chat,Hrushikesh Khapre,2026-08-14 14:33:30,system,287,1276,82,No User Response
IMS5200292,2026-08-14 10:34:39,,Person 38,Closed Complete,Chat,Om Tripathi,2026-08-14 10:44:22,system,92,583,38,No User Response
IMS5200293,2026-08-14 16:18:24,,Person 104,Closed Complete,Chat,Anuj Jadhav,2026-08-14 16:22:20,system,36,236,84,No User Response
IMS5200294,2026-08-14 12:49:13,,Person 119,Closed Abandoned,Chat,,2026-08-14 13:12:00,system,144,1367,85,
IMS5200295,2026-08-14 12:59:45,,Person 7,Closed Complete,Chat,Anuj Jadhav,2026-08-14 13:23:30,system,298,1425,96,No User Response
IMS5200296,2026-08-15 12:31:05,,Person 62,Closed Complete,Chat,Shirin Shaikh,2026-08-15 12:55:31,system,219,1466,139,No User Response
IMS5200297,2026-08-15 12:07:07,,Person 55,Closed Complete,Chat,shreyas kulkarni,2026-08-15 12:19:19,system,62,732,72,No User Response
IMS5200298,2026-08-16 11:45:52,,Person 68,Closed Complete,Chat,Shirin Shaikh,2026-08-16 12:09:43,system,123,1431,159,No User Response
IMS5200299,2026-08-17 11:01:41,,Person 1,Closed Complete,Chat,Om Tripathi,2026-08-17 11:12:18,system,125,637,97,No User Response
IMS5200300,2026-08-17 11:28:32,,Person 112,Closed Complete,Chat,Aftab Jam,2026-08-17 11:39:38,system,13,666,75,No User Response
IMS5200301,2026-08-17 08:12:18,,Person 112,Closed Abandoned,Chat,,2026-08-17 08:24:34,system,110,736,138,
IMS5200302,2026-08-17 13:32:05,,Person 11,Closed Complete,Chat,Shreeya Tiwari,2026-08-17 13:35:50,system,228,225,144,No User Response
IMS5200303,2026-08-17 14:09:15,,Person 40,Closed Complete,Chat,Shirin Shaikh,2026-08-17 14:17:19,system,200,484,51,No User Response
IMS5200304,2026-08-17 16:39:26,,Person 50,Closed Complete,Chat,Shreeya Tiwari,2026-08-17 16:55:02,system,149,936,18,No User Response
IMS5200305,2026-08-17 14:57:03,,Person 43,Closed Complete,Chat,Om Tripathi,2026-08-17 15:03:40,system,259,397,103,No User Response
IMS5200306,2026-08-17 15:31:55,,Person 75,Closed Complete,Chat,Anuj Jadhav,2026-08-17 15:42:11,system,240,616,100,No User Response
IMS5200307,2026-08-17 16:55:14,,Person 77,Closed Complete,Chat,Shreeya Tiwari,2026-08-17 17:04:52,system,170,578,62,No User Response
IMS5200308,2026-08-17 12:52:52,,Person 57,Closed Complete,Chat,Om Tripathi,2026-08-17 13:01:44,system,43,532,141,No User Response
IMS5200309,2026-08-17 08:59:55,,Person 33,Closed Complete,Chat,Om Tripathi,2026-08-17 09:03:49,system,74,234,87,No User Response
IMS5200310,2026-08-18 16:18:07,,Person 56,Closed Complete,Chat,Shreeya Tiwari,2026-08-18 16:39:51,system,47,1304,142,No User Response
IMS5200311,2026-08-18 10:03:53,,Person 69,Closed Complete,Chat,Shreeya Tiwari,2026-08-18 10:16:20,system,291,747,128,No User Response
IMS5200312,2026-08-18 11:03:44,,Person 46,Closed Complete,Chat,Anuj Jadhav,2026-08-18 11:16:27,system,177,763,132,No User Response
IMS5200313,2026-08-18 15:51:28,,Person 33,Closed Abandoned,Chat,,2026-08-18 15:59:15,system,79,467,129,
IMS5200314,2026-08-18 13:57:55,,Person 109,Closed Complete,Chat,Om Tripathi,2026-08-18 14:19:52,system,260,1317,19,No User Response
IMS5200315,2026-08-18 15:23:50,,Person 13,Closed Complete,Chat,Shirin Shaikh,2026-08-18 15:32:49,system,259,539,42,No User Response
IMS5200316,2026-08-18 15:07:54,,Person 118,Closed Complete,Chat,Hrushikesh Khapre,2026-08-18 15:32:33,system,153,1479,178,No User Response
IMS5200317,2026-08-18 08:35:19,,Person 66,Closed Complete,Chat,Anuj Jadhav,2026-08-18 08:59:38,system,103,1459,90,No User Response
IMS5200318,2026-08-19 14:33:16,,Person 62,Closed Complete,Chat,Anuj Jadhav,2026-08-19 14:48:31,system,42,915,76,No User Response
IMS5200319,2026-08-19 17:21:06,,Person 33,Closed Complete,Chat,Hrushikesh Khapre,2026-08-19 17:38:41,system,163,1055,48,No User Response
IMS5200320,2026-08-19 15:54:03,,Person 78,Closed Complete,Chat,Aftab Jam,2026-08-19 16:05:39,system,29,696,76,No User Response
IMS5200321,2026-08-19 14:05:56,,Person 23,Closed Complete,Chat,Shreeya Tiwari,2026-08-19 14:29:20,system,67,1404,138,No User Response
IMS5200322,2026-08-19 12:51:38,,Person 91,Closed Complete,Chat,Shirin Shaikh,2026-08-19 12:53:58,system,197,140,147,No User Response
IMS5200323,2026-08-19 15:40:54,,Person 91,Closed Complete,Chat,Shirin Shaikh,2026-08-19 15:44:55,system,145,241,62,No User Response
IMS5200324,2026-08-19 16:13:17,,Person 37,Closed Abandoned,Chat,,2026-08-19 16:33:04,system,91,1187,167,
IMS5200325,2026-08-19 17:00:19,,Person 23,Closed Complete,Chat,Aftab Jam,2026-08-19 17:10:00,system,264,581,156,No User Response
IMS5200326,2026-08-19 14:35:03,,Person 30,Closed Complete,Chat,Anuj Jadhav,2026-08-19 14:54:56,system,269,1193,187,No User Response
IMS5200327,2026-08-19 08:47:15,,Person 50,Closed Complete,Chat,shreyas kulkarni,2026-08-19 08:55:58,system,265,523,73,No User Response
IMS5200328,2026-08-19 16:16:15,,Person 53,Closed Complete,Chat,Om Tripathi,2026-08-19 16:32:55,system,102,1000,148,No User Response
IMS5200329,2026-08-19 13:03:10,,Person 56,Closed Complete,Chat,Om Tripathi,2026-08-19 13:11:07,system,288,477,72,No User Response
IMS5200330,2026-08-19 13:04:13,,Person 38,Closed Abandoned,Chat,,2026-08-19 13:10:20,system,50,367,189,
IMS5200331,2026-08-19 14:13:14,,Person 42,Closed Complete,Chat,Hrushikesh Khapre,2026-08-19 14:26:13,system,171,779,138,No User Response
IMS5200332,2026-08-19 14:18:27,,Person 63,Closed Complete,Chat,Shirin Shaikh,2026-08-19 14:21:53,system,151,206,39,No User Response
IMS5200333,2026-08-20 09:58:04,,Person 53,Closed Abandoned,Chat,,2026-08-20 10:15:16,system,21,1032,138,
IMS5200334,2026-08-20 16:36:09,,Person 101,Closed Complete,Chat,Shreeya Tiwari,2026-08-20 16:54:44,system,18,1115,103,No User Response
IMS5200335,2026-08-20 16:34:38,,Person 29,Closed Complete,Chat,Hrushikesh Khapre,2026-08-20 16:37:45,system,158,187,23,No User Response
IMS5200336,2026-08-20 16:14:37,,Person 60,Closed Complete,Chat,Aftab Jam,2026-08-20 16:39:22,system,243,1485,114,No User Response
IMS5200337,2026-08-20 12:10:08,,Person 64,Closed Complete,Chat,shreyas kulkarni,2026-08-20 12:28:30,system,236,1102,93,No User Response
IMS5200338,2026-08-20 14:44:01,,Person 78,Closed Complete,Chat,shreyas kulkarni,2026-08-20 14:52:25,system,250,504,93,No User Response
IMS5200339,2026-08-20 09:26:20,,Person 97,Closed Complete,Chat,Shirin Shaikh,2026-08-20 09:35:02,system,100,522,15,No User Response
IMS5200340,2026-08-21 12:29:04,,Person 13,Closed Complete,Chat,shreyas kulkarni,2026-08-21 12:33:31,system,9,267,195,No User Response
IMS5200341,2026-08-21 17:03:58,,Person 32,Closed Complete,Chat,Om Tripathi,2026-08-21 17:20:17,system,234,979,142,No User Response
IMS5200342,2026-08-21 09:34:36,,Person 49,Closed Abandoned,Chat,,2026-08-21 09:53:36,system,141,1140,11,
IMS5200343,2026-08-21 14:24:41,,Person 1,Closed Complete,Chat,Hrushikesh Khapre,2026-08-21 14:37:05,system,205,744,111,No User Response
IMS5200344,2026-08-21 12:40:04,,Person 99,Closed Complete,Chat,Shreeya Tiwari,2026-08-21 12:48:33,system,294,509,34,No User Response
IMS5200345,2026-08-22 15:52:09,,Person 36,Closed Complete,Chat,Om Tripathi,2026-08-22 16:15:18,system,73,1389,179,No User Response
IMS5200346,2026-08-22 15:11:43,,Person 80,Closed Complete,Chat,Aftab Jam,2026-08-22 15:16:34,system,62,291,168,No User Response
IMS5200347,2026-08-22 17:08:05,,Person 100,Closed Complete,Chat,Shirin Shaikh,2026-08-22 17:13:53,system,276,348,152,No User Response
IMS5200348,2026-08-23 10:38:08,,Person 76,Closed Complete,Chat,Aftab Jam,2026-08-23 10:42:36,system,218,268,45,No User Response
IMS5200349,2026-08-23 11:04:57,,Person 37,Closed Complete,Chat,Hrushikesh Khapre,2026-08-23 11:10:54,system,77,357,105,No User Response
IMS5200350,2026-08-24 10:52:59,,Person 28,Closed Complete,Chat,Shreeya Tiwari,2026-08-24 11:10:17,system,236,1038,52,No User Response
IMS5200351,2026-08-24 08:51:47,,Person 83,Closed Complete,Chat,Shirin Shaikh,2026-08-24 09:06:13,system,64,866,80,No User Response
IMS5200352,2026-08-24 15:34:32,,Person 93,Closed Complete,Chat,Shreeya Tiwari,2026-08-24 15:55:44,system,79,1272,10,No User Response
IMS5200353,2026-08-24 15:48:29,,Person 48,Closed Complete,Chat,Anuj Jadhav,2026-08-24 15:50:36,system,67,127,60,No User Response
IMS5200354,2026-08-24 10:34:36,,Person 59,Closed Abandoned,Chat,,2026-08-24 10:43:07,system,24,511,101,
IMS5200355,2026-08-24 10:41:49,,Person 57,Closed Complete,Chat,Hrushikesh Khapre,2026-08-24 10:45:44,system,163,235,59,No User Response
IMS5200356,2026-08-24 10:31:37,,Person 90,Closed Complete,Chat,Shreeya Tiwari,2026-08-24 10:38:52,system,29,435,68,No User Response
IMS5200357,2026-08-25 17:32:51,,Person 82,Closed Complete,Chat,Aftab Jam,2026-08-25 17:42:24,system,48,573,179,No User Response
IMS5200358,2026-08-25 16:44:10,,Person 111,Closed Complete,Chat,Shirin Shaikh,2026-08-25 17:05:19,system,30,1269,178,No User Response
IMS5200359,2026-08-25 15:33:16,,Person 74,Closed Complete,Chat,Om Tripathi,2026-08-25 15:37:47,system,106,271,108,No User Response
IMS5200360,2026-08-25 12:32:08,,Person 4,Closed Complete,Chat,Shirin Shaikh,2026-08-25 12:56:40,system,273,1472,15,No User Response
IMS5200361,2026-08-25 16:03:17,,Person 10,Closed Complete,Chat,Aftab Jam,2026-08-25 16:11:46,system,68,509,105,No User Response
IMS5200362,2026-08-26 13:26:26,,Person 70,Closed Complete,Chat,shreyas kulkarni,2026-08-26 13:42:15,system,217,949,116,No User Response
IMS5200363,2026-08-26 12:50:21,,Person 28,Closed Complete,Chat,Shirin Shaikh,2026-08-26 13:11:34,system,232,1273,148,No User Response
IMS5200364,2026-08-26 17:37:44,,Person 51,Closed Complete,Chat,Om Tripathi,2026-08-26 17:55:40,system,258,1076,13,No User Response
IMS5200365,2026-08-26 11:49:23,,Person 83,Closed Complete,Chat,Anuj Jadhav,2026-08-26 11:57:47,system,5,504,13,No User Response
IMS5200366,2026-08-26 15:40:56,,Person 107,Closed Complete,Chat,shreyas kulkarni,2026-08-26 15:55:23,system,176,867,117,No User Response
IMS5200367,2026-08-26 15:53:03,,Person 76,Closed Complete,Chat,Shirin Shaikh,2026-08-26 16:07:01,system,18,838,139,No User Response
IMS5200368,2026-08-26 11:49:22,,Person 117,Closed Abandoned,Chat,,2026-08-26 11:54:04,system,161,282,16,
IMS5200369,2026-08-26 12:27:47,,Person 81,Closed Complete,Chat,Om Tripathi,2026-08-26 12:51:53,system,210,1446,94,No User Response
IMS5200370,2026-08-26 11:07:45,,Person 51,Closed Complete,Chat,Anuj Jadhav,2026-08-26 11:19:22,system,49,697,97,No User Response
IMS5200371,2026-08-26 14:04:51,,Person 2,Closed Complete,Chat,Om Tripathi,2026-08-26 14:19:43,system,72,892,117,No User Response
IMS5200372,2026-08-27 15:09:17,,Person 17,Closed Abandoned,Chat,,2026-08-27 15:19:14,system,283,597,187,
IMS5200373,2026-08-27 09:53:49,,Person 119,Closed Complete,Chat,Aftab Jam,2026-08-27 09:59:59,system,257,370,138,No User Response
IMS5200374,2026-08-27 08:58:16,,Person 107,Closed Complete,Chat,Hrushikesh Khapre,2026-08-27 09:11:46,system,209,810,128,No User Response
IMS5200375,2026-08-27 09:37:59,,Person 73,Closed Complete,Chat,Shirin Shaikh,2026-08-27 09:53:09,system,62,910,45,No User Response
IMS5200376,2026-08-27 15:18:27,,Person 58,Closed Complete,Chat,Aftab Jam,2026-08-27 15:36:55,system,188,1108,174,No User Response
IMS5200377,2026-08-27 16:13:20,,Person 118,Closed Abandoned,Chat,,2026-08-27 16:21:00,system,277,460,64,
IMS5200378,2026-08-27 15:18:21,,Person 102,Closed Complete,Chat,Aftab Jam,2026-08-27 15:41:51,system,48,1410,18,No User Response
IMS5200379,2026-08-27 13:13:05,,Person 82,Closed Complete,Chat,Shirin Shaikh,2026-08-27 13:29:36,system,36,991,20,No User Response
IMS5200380,2026-08-27 13:12:08,,Person 11,Closed Complete,Chat,Shirin Shaikh,2026-08-27 13:27:12,system,22,904,120,No User Response
IMS5200381,2026-08-27 16:20:34,,Person 37,Closed Complete,Chat,Hrushikesh Khapre,2026-08-27 16:30:09,system,122,575,84,No User Response
IMS5200382,2026-08-27 09:46:52,,Person 64,Closed Complete,Chat,Aftab Jam,2026-08-27 10:00:20,system,36,808,158,No User Response
IMS5200383,2026-08-27 17:44:39,,Person 99,Closed Complete,Chat,Shreeya Tiwari,2026-08-27 18:02:38,system,19,1079,194,No User Response
IMS5200384,2026-08-27 13:51:49,,Person 112,Closed Complete,Chat,Aftab Jam,2026-08-27 14:05:34,system,25,825,26,No User Response
IMS5200385,2026-08-28 09:43:56,,Person 39,Closed Complete,Chat,Anuj Jadhav,2026-08-28 10:02:38,system,196,1122,37,No User Response
IMS5200386,2026-08-28 08:22:20,,Person 111,Closed Complete,Chat,Om Tripathi,2026-08-28 08:30:39,system,173,499,176,No User Response
IMS5200387,2026-08-28 15:49:34,,Person 39,Closed Complete,Chat,Hrushikesh Khapre,2026-08-28 16:02:35,system,295,781,84,No User Response
IMS5200388,2026-08-28 17:34:32,,Person 9,Closed Complete,Chat,Anuj Jadhav,2026-08-28 17:56:14,system,166,1302,177,No User Response
IMS5200389,2026-08-28 17:51:00,,Person 62,Closed Complete,Chat,Om Tripathi,2026-08-28 18:09:47,system,298,1127,73,No User Response
IMS5200390,2026-08-28 12:05:04,,Person 96,Closed Complete,Chat,Anuj Jadhav,2026-08-28 12:19:16,system,256,852,160,No User Response
IMS5200391,2026-08-28 14:28:42,,Person 95,Closed Complete,Chat,shreyas kulkarni,2026-08-28 14:38:06,system,247,564,178,No User Response
IMS5200392,2026-08-28 14:19:02,,Person 14,Closed Abandoned,Chat,,2026-08-28 14:36:51,system,133,1069,132,
IMS5200393,2026-08-28 17:13:58,,Person 43,Closed Complete,Chat,Hrushikesh Khapre,2026-08-28 17:31:31,system,96,1053,48,No User Response
IMS5200394,2026-08-28 17:41:35,,Person 105,Closed Complete,Chat,Aftab Jam,2026-08-28 17:49:49,system,9,494,193,No User Response
IMS5200395,2026-08-28 11:42:39,,Person 1,Closed Complete,Chat,Anuj Jadhav,2026-08-28 11:56:14,system,112,815,132,No User Response
IMS5200396,2026-08-29 08:54:43,,Person 66,Closed Complete,Chat,Shirin Shaikh,2026-08-29 09:01:07,system,229,384,119,No User Response
IMS5200397,2026-08-30 17:39:53,,Person 10,Closed Complete,Chat,Shreeya Tiwari,2026-08-30 17:57:22,system,283,1049,86,No User Response
IMS5200398,2026-08-31 08:07:14,,Person 7,Closed Complete,Chat,Shreeya Tiwari,2026-08-31 08:24:44,system,236,1050,192,No User Response
IMS5200399,2026-08-31 11:56:49,,Person 13,Closed Complete,Chat,Om Tripathi,2026-08-31 12:08:44,system,227,715,183,No User Response
IMS5200400,2026-08-31 16:46:30,,Person 96,Closed Complete,Chat,Shreeya Tiwari,2026-08-31 16:53:16,system,183,406,134,No User Response
IMS5200401,2026-08-31 12:26:07,,Person 85,Closed Complete,Chat,Shreeya Tiwari,2026-08-31 12:33:20,system,244,433,51,No User Response
IMS5200402,2026-08-31 17:52:18,,Person 27,Closed Complete,Chat,shreyas kulkarni,2026-08-31 18:02:13,system,161,595,138,No User Response
IMS5200403,2026-08-31 14:41:06,,Person 12,Closed Abandoned,Chat,,2026-08-31 14:57:03,system,73,957,88,
IMS5200404,2026-08-31 13:11:59,,Person 31,Closed Complete,Chat,Om Tripathi,2026-08-31 13:35:40,system,210,1421,195,No User Response
IMS5200405,2026-09-01 10:25:36,,Person 21,Closed Complete,Chat,Shreeya Tiwari,2026-09-01 10:45:58,system,246,1222,162,No User Response
IMS5200406,2026-09-01 16:26:47,,Person 89,Closed Complete,Chat,shreyas kulkarni,2026-09-01 16:48:26,system,125,1299,182,No User Response
IMS5200407,2026-09-01 16:02:33,,Person 44,Closed Complete,Chat,shreyas kulkarni,2026-09-01 16:17:18,system,134,885,86,No User Response
IMS5200408,2026-09-01 09:07:32,,Person 66,Closed Complete,Chat,Shreeya Tiwari,2026-09-01 09:31:13,system,278,1421,100,No User Response
IMS5200409,2026-09-02 10:33:05,,Person 109,Closed Complete,Chat,Shreeya Tiwari,2026-09-02 10:57:53,system,108,1488,113,No User Response
IMS5200410,2026-09-02 14:22:45,,Person 31,Closed Abandoned,Chat,,2026-09-02 14:46:33,system,279,1428,122,
IMS5200411,2026-09-02 14:45:45,,Person 84,Closed Abandoned,Chat,,2026-09-02 14:51:26,system,235,341,151,
IMS5200412,2026-09-02 12:36:01,,Person 39,Closed Complete,Chat,Hrushikesh Khapre,2026-09-02 12:39:36,system,198,215,31,No User Response
IMS5200413,2026-09-02 13:56:39,,Person 7,Closed Complete,Chat,Shirin Shaikh,2026-09-02 14:10:41,system,57,842,192,No User Response
IMS5200414,2026-09-02 14:09:54,,Person 58,Closed Complete,Chat,Hrushikesh Khapre,2026-09-02 14:23:18,system,132,804,52,No User Response
IMS5200415,2026-09-02 15:06:53,,Person 78,Closed Complete,Chat,Anuj Jadhav,2026-09-02 15:28:33,system,184,1300,88,No User Response
IMS5200416,2026-09-02 08:52:50,,Person 19,Closed Complete,Chat,shreyas kulkarni,2026-09-02 09:04:10,system,158,680,16,No User Response
IMS5200417,2026-09-02 14:22:13,,Person 39,Closed Complete,Chat,Hrushikesh Khapre,2026-09-02 14:38:44,system,181,991,15,No User Response
IMS5200418,2026-09-02 09:15:45,,Person 96,Closed Complete,Chat,Shirin Shaikh,2026-09-02 09:35:17,system,76,1172,51,No User Response
IMS5200419,2026-09-03 13:24:56,,Person 45,Closed Abandoned,Chat,,2026-09-03 13:48:47,system,136,1431,28,
IMS5200420,2026-09-03 10:29:39,,Person 111,Closed Complete,Chat,shreyas kulkarni,2026-09-03 10:43:07,system,214,808,77,No User Response
IMS5200421,2026-09-03 09:35:53,,Person 68,Closed Abandoned,Chat,,2026-09-03 09:44:24,system,218,511,12,
IMS5200422,2026-09-03 14:27:07,,Person 40,Closed Complete,Chat,shreyas kulkarni,2026-09-03 14:44:51,system,68,1064,96,No User Response
IMS5200423,2026-09-03 08:19:57,,Person 40,Closed Complete,Chat,Shirin Shaikh,2026-09-03 08:25:29,system,136,332,29,No User Response
IMS5200424,2026-09-03 15:52:17,,Person 42,Closed Complete,Chat,shreyas kulkarni,2026-09-03 16:09:49,system,178,1052,170,No User Response
IMS5200425,2026-09-03 10:14:46,,Person 81,Closed Complete,Chat,Aftab Jam,2026-09-03 10:27:18,system,13,752,163,No User Response
IMS5200426,2026-09-03 13:47:00,,Person 19,Closed Complete,Chat,Shirin Shaikh,2026-09-03 13:54:43,system,246,463,169,No User Response
IMS5200427,2026-09-03 14:43:28,,Person 105,Closed Abandoned,Chat,,2026-09-03 14:46:16,system,104,168,122,
IMS5200428,2026-09-03 08:35:56,,Person 63,Closed Complete,Chat,shreyas kulkarni,2026-09-03 08:53:54,system,108,1078,46,No User Response
IMS5200429,2026-09-03 10:23:24,,Person 5,Closed Abandoned,Chat,,2026-09-03 10:46:39,system,10,1395,151,
IMS5200430,2026-09-03 15:45:04,,Person 5,Closed Complete,Chat,Shirin Shaikh,2026-09-03 15:50:43,system,96,339,55,No User Response
IMS5200431,2026-09-03 12:27:56,,Person 96,Closed Complete,Chat,Shreeya Tiwari,2026-09-03 12:44:39,system,168,1003,153,No User Response
IMS5200432,2026-09-03 15:33:25,,Person 117,Closed Abandoned,Chat,,2026-09-03 15:40:41,system,214,436,180,
IMS5200433,2026-09-03 09:55:01,,Person 105,Closed Abandoned,Chat,,2026-09-03 10:18:23,system,89,1402,151,
IMS5200434,2026-09-04 15:46:09,,Person 36,Closed Complete,Chat,Aftab Jam,2026-09-04 15:52:36,system,159,387,66,No User Response
IMS5200435,2026-09-04 09:38:14,,Person 70,Closed Complete,Chat,Anuj Jadhav,2026-09-04 09:45:10,system,80,416,49,No User Response
IMS5200436,2026-09-04 11:17:24,,Person 110,Closed Complete,Chat,Anuj Jadhav,2026-09-04 11:41:14,system,35,1430,56,No User Response
IMS5200437,2026-09-04 10:56:06,,Person 23,Closed Complete,Chat,Aftab Jam,2026-09-04 11:14:38,system,247,1112,47,No User Response
IMS5200438,2026-09-04 12:35:24,,Person 18,Closed Complete,Chat,Aftab Jam,2026-09-04 12:47:15,system,221,711,66,No User Response
IMS5200439,2026-09-04 08:49:22,,Person 115,Closed Complete,Chat,shreyas kulkarni,2026-09-04 09:09:52,system,190,1230,70,No User Response
IMS5200440,2026-09-05 08:05:09,,Person 109,Closed Complete,Chat,Om Tripathi,2026-09-05 08:25:33,system,210,1224,157,No User Response
IMS5200441,2026-09-07 17:41:10,,Person 116,Closed Complete,Chat,shreyas kulkarni,2026-09-07 17:56:13,system,87,903,10,No User Response
IMS5200442,2026-09-07 09:17:08,,Person 104,Closed Abandoned,Chat,,2026-09-07 09:33:01,system,54,953,151,
IMS5200443,2026-09-07 08:40:33,,Person 30,Closed Complete,Chat,Shreeya Tiwari,2026-09-07 08:54:45,system,262,852,173,No User Response
IMS5200444,2026-09-07 08:40:31,,Person 114,Closed Complete,Chat,shreyas kulkarni,2026-09-07 08:58:25,system,54,1074,126,No User Response
IMS5200445,2026-09-07 16:31:14,,Person 50,Closed Complete,Chat,Hrushikesh Khapre,2026-09-07 16:51:47,system,43,1233,127,No User Response
IMS5200446,2026-09-07 14:04:53,,Person 95,Closed Complete,Chat,Shreeya Tiwari,2026-09-07 14:23:36,system,231,1123,155,No User Response
IMS5200447,2026-09-07 14:44:50,,Person 19,Closed Complete,Chat,Anuj Jadhav,2026-09-07 15:00:27,system,160,937,199,No User Response
IMS5200448,2026-09-07 12:37:04,,Person 53,Closed Complete,Chat,shreyas kulkarni,2026-09-07 12:48:10,system,204,666,82,No User Response
IMS5200449,2026-09-07 09:54:42,,Person 109,Closed Abandoned,Chat,,2026-09-07 10:02:59,system,34,497,141,
IMS5200450,2026-09-07 12:07:11,,Person 6,Closed Complete,Chat,shreyas kulkarni,2026-09-07 12:10:22,system,201,191,180,No User Response
IMS5200451,2026-09-07 08:48:35,,Person 116,Closed Complete,Chat,Aftab Jam,2026-09-07 09:11:50,system,171,1395,35,No User Response
IMS5200452,2026-09-07 10:24:36,,Person 57,Closed Complete,Chat,Aftab Jam,2026-09-07 10:46:12,system,238,1296,151,No User Response
IMS5200453,2026-09-07 08:55:39,,Person 39,Closed Abandoned,Chat,,2026-09-07 09:13:53,system,182,1094,187,
IMS5200454,2026-09-07 17:57:48,,Person 52,Closed Complete,Chat,Hrushikesh Khapre,2026-09-07 18:16:35,system,227,1127,129,No User Response
IMS5200455,2026-09-08 13:39:13,,Person 85,Closed Complete,Chat,Aftab Jam,2026-09-08 14:00:11,system,294,1258,100,No User Response
IMS5200456,2026-09-08 14:39:01,,Person 114,Closed Abandoned,Chat,,2026-09-08 14:59:33,system,299,1232,100,
IMS5200457,2026-09-08 13:12:37,,Person 113,Closed Complete,Chat,Aftab Jam,2026-09-08 13:28:59,system,269,982,164,No User Response
IMS5200458,2026-09-08 11:33:15,,Person 95,Closed Abandoned,Chat,,2026-09-08 11:39:32,system,295,377,24,
IMS5200459,2026-09-08 17:15:28,,Person 17,Closed Abandoned,Chat,,2026-09-08 17:24:45,system,47,557,24,
IMS5200460,2026-09-08 17:43:28,,Person 19,Closed Complete,Chat,Shirin Shaikh,2026-09-08 17:49:16,system,149,348,175,No User Response
IMS5200461,2026-09-08 16:12:06,,Person 43,Closed Complete,Chat,Anuj Jadhav,2026-09-08 16:22:32,system,41,626,184,No User Response
IMS5200462,2026-09-08 16:07:25,,Person 114,Closed Complete,Chat,shreyas kulkarni,2026-09-08 16:19:22,system,218,717,32,No User Response
IMS5200463,2026-09-08 11:18:24,,Person 26,Closed Complete,Chat,Shreeya Tiwari,2026-09-08 11:35:36,system,286,1032,33,No User Response
IMS5200464,2026-09-08 09:10:54,,Person 60,Closed Complete,Chat,Anuj Jadhav,2026-09-08 09:25:08,system,120,854,101,No User Response
IMS5200465,2026-09-09 12:12:56,,Person 70,Closed Complete,Chat,Aftab Jam,2026-09-09 12:20:48,system,65,472,128,No User Response
IMS5200466,2026-09-09 11:42:26,,Person 32,Closed Complete,Chat,Hrushikesh Khapre,2026-09-09 11:50:42,system,147,496,183,No User Response
IMS5200467,2026-09-09 11:10:31,,Person 109,Closed Complete,Chat,Om Tripathi,2026-09-09 11:22:06,system,241,695,149,No User Response
IMS5200468,2026-09-09 14:49:18,,Person 69,Closed Complete,Chat,Aftab Jam,2026-09-09 15:08:36,system,246,1158,118,No User Response
IMS5200469,2026-09-09 11:59:09,,Person 85,Closed Complete,Chat,Shreeya Tiwari,2026-09-09 12:06:10,system,47,421,50,No User Response
IMS5200470,2026-09-09 14:31:01,,Person 80,Closed Complete,Chat,Hrushikesh Khapre,2026-09-09 14:41:09,system,92,608,11,No User Response
IMS5200471,2026-09-09 17:26:39,,Person 85,Closed Complete,Chat,shreyas kulkarni,2026-09-09 17:46:05,system,232,1166,83,No User Response
IMS5200472,2026-09-09 13:43:37,,Person 60,Closed Abandoned,Chat,,2026-09-09 13:52:34,system,235,537,181,
IMS5200473,2026-09-09 13:07:56,,Person 93,Closed Complete,Chat,Shreeya Tiwari,2026-09-09 13:27:29,system,117,1173,43,No User Response
IMS5200474,2026-09-09 10:56:07,,Person 72,Closed Complete,Chat,Hrushikesh Khapre,2026-09-09 11:02:59,system,259,412,58,No User Response
IMS5200475,2026-09-09 17:58:43,,Person 35,Closed Complete,Chat,Shirin Shaikh,2026-09-09 18:10:55,system,177,732,148,No User Response
IMS5200476,2026-09-09 10:50:22,,Person 49,Closed Complete,Chat,Om Tripathi,2026-09-09 11:03:07,system,71,765,178,No User Response
IMS5200477,2026-09-10 10:10:43,,Person 26,Closed Complete,Chat,Shreeya Tiwari,2026-09-10 10:28:08,system,272,1045,180,No User Response
IMS5200478,2026-09-10 17:42:18,,Person 51,Closed Complete,Chat,Om Tripathi,2026-09-10 18:01:02,system,296,1124,135,No User Response
IMS5200479,2026-09-10 12:05:39,,Person 25,Closed Complete,Chat,Om Tripathi,2026-09-10 12:29:36,system,76,1437,92,No User Response
IMS5200480,2026-09-10 11:15:53,,Person 70,Closed Complete,Chat,Aftab Jam,2026-09-10 11:20:50,system,228,297,85,No User Response
IMS5200481,2026-09-10 13:02:18,,Person 98,Closed Abandoned,Chat,,2026-09-10 13:23:26,system,78,1268,106,
IMS5200482,2026-09-10 15:00:24,,Person 104,Closed Abandoned,Chat,,2026-09-10 15:23:49,system,112,1405,14,
IMS5200483,2026-09-10 14:35:43,,Person 92,Closed Complete,Chat,Hrushikesh Khapre,2026-09-10 14:51:29,system,63,946,84,No User Response
IMS5200484,2026-09-10 15:09:48,,Person 78,Closed Abandoned,Chat,,2026-09-10 15:25:07,system,170,919,138,
IMS5200485,2026-09-11 11:07:16,,Person 13,Closed Complete,Chat,Anuj Jadhav,2026-09-11 11:18:59,system,210,703,47,No User Response
IMS5200486,2026-09-11 09:02:49,,Person 65,Closed Complete,Chat,Aftab Jam,2026-09-11 09:17:47,system,113,898,69,No User Response
IMS5200487,2026-09-11 11:59:10,,Person 47,Closed Complete,Chat,Hrushikesh Khapre,2026-09-11 12:13:31,system,245,861,72,No User Response
IMS5200488,2026-09-11 11:58:15,,Person 74,Closed Complete,Chat,Om Tripathi,2026-09-11 12:05:30,system,287,435,43,No User Response
IMS5200489,2026-09-11 15:54:01,,Person 26,Closed Complete,Chat,Om Tripathi,2026-09-11 16:01:30,system,232,449,133,No User Response
IMS5200490,2026-09-11 09:35:54,,Person 23,Closed Complete,Chat,Shirin Shaikh,2026-09-11 09:54:15,system,94,1101,108,No User Response
IMS5200491,2026-09-11 13:06:58,,Person 114,Closed Abandoned,Chat,,2026-09-11 13:27:44,system,50,1246,36,
IMS5200492,2026-09-14 12:21:36,,Person 61,Closed Complete,Chat,Hrushikesh Khapre,2026-09-14 12:37:56,system,185,980,138,No User Response
IMS5200493,2026-09-14 12:56:06,,Person 88,Closed Complete,Chat,Shirin Shaikh,2026-09-14 13:07:51,system,273,705,82,No User Response
IMS5200494,2026-09-14 12:53:08,,Person 2,Closed Complete,Chat,shreyas kulkarni,2026-09-14 12:58:41,system,51,333,10,No User Response
IMS5200495,2026-09-14 15:04:21,,Person 71,Closed Complete,Chat,shreyas kulkarni,2026-09-14 15:26:01,system,86,1300,106,No User Response
IMS5200496,2026-09-14 08:18:26,,Person 14,Closed Complete,Chat,Hrushikesh Khapre,2026-09-14 08:21:38,system,225,192,100,No User Response
IMS5200497,2026-09-14 17:29:54,,Person 50,Closed Complete,Chat,Om Tripathi,2026-09-14 17:45:10,system,186,916,69,No User Response
IMS5200498,2026-09-14 09:10:35,,Person 77,Closed Complete,Chat,Aftab Jam,2026-09-14 09:15:04,system,74,269,51,No User Response
IMS5200499,2026-09-15 09:47:55,,Person 59,Closed Complete,Chat,Aftab Jam,2026-09-15 10:08:27,system,183,1232,15,No User Response
IMS5200500,2026-09-15 09:31:31,,Person 96,Closed Complete,Chat,Shreeya Tiwari,2026-09-15 09:45:15,system,298,824,166,No User Response
IMS5200501,2026-09-15 17:44:12,,Person 15,Closed Complete,Chat,Om Tripathi,2026-09-15 17:50:19,system,102,367,135,No User Response
IMS5200502,2026-09-15 17:23:36,,Person 52,Closed Abandoned,Chat,,2026-09-15 17:30:33,system,163,417,155,
IMS5200503,2026-09-15 11:32:15,,Person 77,Closed Complete,Chat,shreyas kulkarni,2026-09-15 11:34:59,system,89,164,165,No User Response
IMS5200504,2026-09-15 12:28:49,,Person 89,Closed Complete,Chat,Hrushikesh Khapre,2026-09-15 12:45:40,system,219,1011,122,No User Response
IMS5200505,2026-09-15 13:46:10,,Person 54,Closed Complete,Chat,Shirin Shaikh,2026-09-15 13:58:20,system,224,730,38,No User Response
IMS5200506,2026-09-15 14:13:22,,Person 36,Closed Complete,Chat,Hrushikesh Khapre,2026-09-15 14:31:41,system,236,1099,169,No User Response
IMS5200507,2026-09-15 08:08:03,,Person 50,Closed Complete,Chat,Shreeya Tiwari,2026-09-15 08:29:32,system,214,1289,84,No User Response
IMS5200508,2026-09-15 17:23:39,,Person 98,Closed Complete,Chat,Anuj Jadhav,2026-09-15 17:34:29,system,115,650,159,No User Response
IMS5200509,2026-09-15 15:49:02,,Person 103,Closed Complete,Chat,Hrushikesh Khapre,2026-09-15 16:10:17,system,188,1275,155,No User Response
IMS5200510,2026-09-16 17:28:13,,Person 94,Closed Complete,Chat,Om Tripathi,2026-09-16 17:33:46,system,73,333,38,No User Response
IMS5200511,2026-09-16 11:00:28,,Person 102,Closed Complete,Chat,Shreeya Tiwari,2026-09-16 11:25:12,system,57,1484,15,No User Response
IMS5200512,2026-09-16 14:38:08,,Person 42,Closed Complete,Chat,Aftab Jam,2026-09-16 14:52:15,system,92,847,117,No User Response
IMS5200513,2026-09-16 10:09:20,,Person 105,Closed Complete,Chat,shreyas kulkarni,2026-09-16 10:30:31,system,221,1271,21,No User Response
IMS5200514,2026-09-16 17:00:36,,Person 73,Closed Complete,Chat,Shreeya Tiwari,2026-09-16 17:14:38,system,190,842,25,No User Response
IMS5200515,2026-09-16 12:41:53,,Person 36,Closed Complete,Chat,Shreeya Tiwari,2026-09-16 12:55:30,system,15,817,16,No User Response
IMS5200516,2026-09-16 09:51:56,,Person 90,Closed Abandoned,Chat,,2026-09-16 10:05:14,system,206,798,21,
IMS5200517,2026-09-16 15:16:50,,Person 59,Closed Abandoned,Chat,,2026-09-16 15:32:13,system,42,923,191,
IMS5200518,2026-09-16 15:04:16,,Person 68,Closed Complete,Chat,Shreeya Tiwari,2026-09-16 15:21:32,system,18,1036,100,No User Response
IMS5200519,2026-09-17 16:56:08,,Person 93,Closed Complete,Chat,Hrushikesh Khapre,2026-09-17 17:03:58,system,176,470,197,No User Response
IMS5200520,2026-09-17 08:39:37,,Person 5,Closed Abandoned,Chat,,2026-09-17 08:57:54,system,139,1097,99,
IMS5200521,2026-09-17 16:01:17,,Person 96,Closed Abandoned,Chat,,2026-09-17 16:17:23,system,137,966,193,
IMS5200522,2026-09-17 16:08:17,,Person 81,Closed Abandoned,Chat,,2026-09-17 16:13:59,system,116,342,197,
IMS5200523,2026-09-17 15:27:44,,Person 70,Closed Abandoned,Chat,,2026-09-17 15:52:17,system,297,1473,75,
IMS5200524,2026-09-17 08:54:47,,Person 25,Closed Complete,Chat,Hrushikesh Khapre,2026-09-17 09:14:13,system,106,1166,31,No User Response
IMS5200525,2026-09-17 12:58:09,,Person 85,Closed Abandoned,Chat,,2026-09-17 13:02:00,system,221,231,147,
IMS5200526,2026-09-17 10:49:07,,Person 112,Closed Complete,Chat,Hrushikesh Khapre,2026-09-17 11:06:09,system,177,1022,65,No User Response
IMS5200527,2026-09-17 09:05:37,,Person 43,Closed Abandoned,Chat,,2026-09-17 09:21:28,system,166,951,115,
IMS5200528,2026-09-17 12:03:34,,Person 27,Closed Complete,Chat,shreyas kulkarni,2026-09-17 12:14:35,system,97,661,93,No User Response
IMS5200529,2026-09-18 12:48:57,,Person 96,Closed Complete,Chat,Hrushikesh Khapre,2026-09-18 13:10:52,system,74,1315,20,No User Response
IMS5200530,2026-09-18 15:50:20,,Person 106,Closed Complete,Chat,shreyas kulkarni,2026-09-18 16:10:17,system,182,1197,14,No User Response
IMS5200531,2026-09-18 15:59:55,,Person 69,Closed Complete,Chat,Om Tripathi,2026-09-18 16:24:50,system,90,1495,133,No User Response
IMS5200532,2026-09-18 14:02:27,,Person 48,Closed Complete,Chat,Shirin Shaikh,2026-09-18 14:05:47,system,226,200,65,No User Response
IMS5200533,2026-09-18 11:19:17,,Person 110,Closed Complete,Chat,Hrushikesh Khapre,2026-09-18 11:36:42,system,130,1045,50,No User Response
IMS5200534,2026-09-18 11:55:19,,Person 52,Closed Complete,Chat,Shirin Shaikh,2026-09-18 12:19:13,system,27,1434,35,No User Response
IMS5200535,2026-09-18 15:38:45,,Person 115,Closed Complete,Chat,Shreeya Tiwari,2026-09-18 15:54:14,system,100,929,142,No User Response
IMS5200536,2026-09-18 14:27:52,,Person 57,Closed Complete,Chat,Hrushikesh Khapre,2026-09-18 14:43:46,system,60,954,128,No User Response
IMS5200537,2026-09-21 17:41:07,,Person 109,Closed Abandoned,Chat,,2026-09-21 18:02:55,system,11,1308,85,
IMS5200538,2026-09-21 08:13:25,,Person 113,Closed Complete,Chat,Anuj Jadhav,2026-09-21 08:38:24,system,98,1499,67,No User Response
IMS5200539,2026-09-21 12:05:15,,Person 109,Closed Complete,Chat,Shreeya Tiwari,2026-09-21 12:19:37,system,115,862,125,No User Response
IMS5200540,2026-09-21 11:37:31,,Person 110,Closed Complete,Chat,Anuj Jadhav,2026-09-21 11:52:40,system,218,909,134,No User Response
IMS5200541,2026-09-21 13:30:46,,Person 62,Closed Abandoned,Chat,,2026-09-21 13:50:23,system,158,1177,17,
IMS5200542,2026-09-22 17:30:03,,Person 86,Closed Complete,Chat,Om Tripathi,2026-09-22 17:42:58,system,128,775,138,No User Response
IMS5200543,2026-09-22 13:07:27,,Person 114,Closed Complete,Chat,Shirin Shaikh,2026-09-22 13:23:24,system,243,957,56,No User Response
IMS5200544,2026-09-22 09:09:16,,Person 71,Closed Complete,Chat,Aftab Jam,2026-09-22 09:19:46,system,152,630,145,No User Response
IMS5200545,2026-09-22 16:24:11,,Person 93,Closed Abandoned,Chat,,2026-09-22 16:35:10,system,261,659,76,
IMS5200546,2026-09-22 14:28:55,,Person 15,Closed Complete,Chat,Anuj Jadhav,2026-09-22 14:42:11,system,106,796,145,No User Response
IMS5200547,2026-09-22 10:36:08,,Person 3,Closed Complete,Chat,Shreeya Tiwari,2026-09-22 10:41:22,system,111,314,140,No User Response
IMS5200548,2026-09-22 12:23:38,,Person 7,Closed Complete,Chat,Shirin Shaikh,2026-09-22 12:34:30,system,245,652,151,No User Response
IMS5200549,2026-09-22 11:00:49,,Person 114,Closed Complete,Chat,Anuj Jadhav,2026-09-22 11:09:33,system,98,524,24,No User Response
IMS5200550,2026-09-22 11:13:11,,Person 47,Closed Complete,Chat,Om Tripathi,2026-09-22 11:34:53,system,172,1302,166,No User Response
IMS5200551,2026-09-22 15:56:29,,Person 77,Closed Complete,Chat,Shirin Shaikh,2026-09-22 16:07:00,system,37,631,181,No User Response
IMS5200552,2026-09-23 13:26:41,,Person 44,Closed Complete,Chat,Shreeya Tiwari,2026-09-23 13:46:07,system,152,1166,50,No User Response
IMS5200553,2026-09-23 10:30:01,,Person 51,Closed Complete,Chat,Hrushikesh Khapre,2026-09-23 10:38:58,system,213,537,58,No User Response
IMS5200554,2026-09-23 08:18:20,,Person 95,Closed Abandoned,Chat,,2026-09-23 08:21:54,system,113,214,64,
IMS5200555,2026-09-24 15:53:29,,Person 87,Closed Complete,Chat,Shreeya Tiwari,2026-09-24 16:13:44,system,12,1215,190,No User Response
IMS5200556,2026-09-24 12:28:22,,Person 51,Closed Complete,Chat,Shreeya Tiwari,2026-09-24 12:41:41,system,72,799,191,No User Response
IMS5200557,2026-09-24 16:24:57,,Person 34,Closed Complete,Chat,Shreeya Tiwari,2026-09-24 16:34:14,system,187,557,112,No User Response
IMS5200558,2026-09-24 09:43:36,,Person 81,Closed Complete,Chat,Shirin Shaikh,2026-09-24 10:04:59,system,226,1283,80,No User Response
IMS5200559,2026-09-24 12:40:37,,Person 65,Closed Abandoned,Chat,,2026-09-24 12:54:25,system,272,828,111,
IMS5200560,2026-09-24 08:18:35,,Person 100,Closed Abandoned,Chat,,2026-09-24 08:28:40,system,124,605,181,
IMS5200561,2026-09-24 16:18:29,,Person 51,Closed Complete,Chat,Om Tripathi,2026-09-24 16:21:18,system,84,169,146,No User Response
IMS5200562,2026-09-24 15:04:26,,Person 69,Closed Complete,Chat,Anuj Jadhav,2026-09-24 15:10:55,system,225,389,95,No User Response
IMS5200563,2026-09-24 09:03:41,,Person 65,Closed Complete,Chat,Shirin Shaikh,2026-09-24 09:26:34,system,26,1373,44,No User Response
IMS5200564,2026-09-25 13:50:04,,Person 57,Closed Complete,Chat,Hrushikesh Khapre,2026-09-25 14:01:27,system,107,683,21,No User Response
IMS5200565,2026-09-25 08:08:15,,Person 69,Closed Complete,Chat,Om Tripathi,2026-09-25 08:12:23,system,230,248,176,No User Response
IMS5200566,2026-09-25 17:09:09,,Person 47,Closed Complete,Chat,Shreeya Tiwari,2026-09-25 17:26:46,system,162,1057,49,No User Response
IMS5200567,2026-09-25 17:21:30,,Person 63,Closed Complete,Chat,Hrushikesh Khapre,2026-09-25 17:39:11,system,51,1061,26,No User Response
IMS5200568,2026-09-25 11:16:21,,Person 19,Closed Complete,Chat,Shreeya Tiwari,2026-09-25 11:23:34,system,156,433,49,No User Response
IMS5200569,2026-09-25 14:51:01,,Person 45,Closed Complete,Chat,Aftab Jam,2026-09-25 15:09:22,system,193,1101,166,No User Response
IMS5200570,2026-09-25 11:52:31,,Person 111,Closed Complete,Chat,Shreeya Tiwari,2026-09-25 12:08:50,system,280,979,48,No User Response
IMS5200571,2026-09-26 09:13:36,,Person 84,Closed Complete,Chat,Hrushikesh Khapre,2026-09-26 09:37:43,system,206,1447,71,No User Response
IMS5200572,2026-09-26 15:01:25,,Person 79,Closed Complete,Chat,Om Tripathi,2026-09-26 15:08:43,system,297,438,142,No User Response
IMS5200573,2026-09-28 17:18:40,,Person 102,Closed Complete,Chat,Shreeya Tiwari,2026-09-28 17:34:17,system,163,937,186,No User Response
IMS5200574,2026-09-28 15:13:48,,Person 33,Closed Complete,Chat,Om Tripathi,2026-09-28 15:31:50,system,68,1082,138,No User Response
IMS5200575,2026-09-28 16:12:24,,Person 116,Closed Complete,Chat,Anuj Jadhav,2026-09-28 16:20:33,system,227,489,173,No User Response
IMS5200576,2026-09-28 14:12:23,,Person 67,Closed Complete,Chat,Shreeya Tiwari,2026-09-28 14:15:16,system,58,173,114,No User Response
IMS5200577,2026-09-28 12:03:15,,Person 87,Closed Complete,Chat,Shirin Shaikh,2026-09-28 12:25:59,system,50,1364,97,No User Response
IMS5200578,2026-09-28 09:52:49,,Person 117,Closed Complete,Chat,Hrushikesh Khapre,2026-09-28 10:10:14,system,112,1045,158,No User Response
IMS5200579,2026-09-28 14:19:31,,Person 41,Closed Abandoned,Chat,,2026-09-28 14:23:37,system,34,246,117,
IMS5200580,2026-09-28 16:43:51,,Person 117,Closed Complete,Chat,Anuj Jadhav,2026-09-28 17:00:07,system,283,976,95,No User Response
IMS5200581,2026-09-29 12:14:26,,Person 4,Closed Complete,Chat,Hrushikesh Khapre,2026-09-29 12:24:06,system,242,580,173,No User Response
IMS5200582,2026-09-29 14:45:44,,Person 47,Closed Complete,Chat,Shirin Shaikh,2026-09-29 15:06:23,system,246,1239,53,No User Response
IMS5200583,2026-09-29 10:56:21,,Person 90,Closed Complete,Chat,shreyas kulkarni,2026-09-29 11:07:54,system,212,693,17,No User Response
IMS5200584,2026-09-29 14:51:22,,Person 7,Closed Complete,Chat,Anuj Jadhav,2026-09-29 15:14:45,system,168,1403,103,No User Response
IMS5200585,2026-09-29 11:57:28,,Person 111,Closed Abandoned,Chat,,2026-09-29 12:05:59,system,79,511,179,
IMS5200586,2026-09-29 17:36:32,,Person 10,Closed Complete,Chat,Shreeya Tiwari,2026-09-29 17:40:14,system,195,222,124,No User Response
IMS5200587,2026-09-29 16:24:16,,Person 3,Closed Complete,Chat,Shirin Shaikh,2026-09-29 16:40:41,system,43,985,196,No User Response
IMS5200588,2026-09-29 10:59:06,,Person 44,Closed Complete,Chat,Aftab Jam,2026-09-29 11:11:47,system,246,761,166,No User Response
IMS5200589,2026-09-29 13:36:39,,Person 89,Closed Complete,Chat,Anuj Jadhav,2026-09-29 13:56:50,system,42,1211,142,No User Response
